Gender,Age,Annual Income ($),Spending Score (1-100),Profession,Work Experience,Family Size,Cluster
1,19,15000,39,5,1,4,2
1,21,35000,81,2,3,3,2
0,20,86000,6,2,1,1,0
0,23,59000,77,7,0,2,2
0,31,38000,40,3,2,6,2
0,22,58000,76,0,0,2,2
0,35,31000,6,5,1,3,2
0,23,84000,94,5,1,3,0
1,64,97000,3,2,0,3,0
0,30,98000,72,0,1,4,0
1,67,7000,14,2,1,3,2
0,35,93000,99,5,4,4,0
0,58,80000,15,4,0,5,2
0,24,91000,77,7,1,1,0
1,37,19000,13,1,0,1,2
1,22,51000,79,5,1,2,2
0,35,29000,35,6,9,5,2
1,20,89000,66,5,1,6,0
1,52,20000,29,3,1,4,2
0,35,62000,98,0,0,1,2
1,35,96000,35,6,12,1,0
1,25,4000,73,5,3,4,2
0,46,42000,5,0,13,2,2
1,31,71000,73,0,5,2,2
0,54,67000,14,4,1,3,2
1,29,52000,82,0,1,3,2
0,45,68000,32,5,9,8,2
1,35,78000,61,0,1,3,2
0,40,18000,31,0,0,1,2
0,23,20000,87,0,5,4,2
1,60,39000,4,0,0,3,2
0,21,34000,73,1,1,2,2
1,53,59000,4,5,1,3,2
1,18,62000,92,6,9,7,2
0,49,91000,14,7,1,2,0
0,21,95000,81,5,3,4,0
0,42,14000,17,1,5,1,2
0,30,62000,73,5,1,5,2
0,36,9000,26,0,8,2,2
0,20,69000,75,0,8,2,2
0,65,25000,35,0,4,1,2
1,24,85000,92,5,0,2,0
1,48,22000,36,0,14,3,2
0,31,33000,61,0,1,2,2
0,49,72000,28,2,8,1,2
0,24,3000,65,7,4,2,2
0,50,52000,55,0,0,4,2
0,27,71000,47,5,12,1,2
0,29,78000,42,5,0,4,2
0,31,25000,42,2,1,1,2
0,49,88000,52,0,1,2,0
1,33,97000,60,0,1,2,0
0,31,74000,54,0,1,1,2
1,59,68000,60,3,0,2,2
0,50,18000,45,8,1,1,2
1,47,95000,41,0,14,2,0
0,51,71000,50,5,9,4,2
1,69,8000,46,1,8,2,2
0,27,57000,51,0,1,3,2
1,53,89000,46,7,1,6,0
1,70,84000,56,0,0,2,0
1,19,50000,55,0,9,2,2
0,67,50000,52,7,0,3,2
0,54,48000,59,7,1,2,2
1,63,63000,51,7,7,2,2
1,18,9000,59,3,0,2,2
0,43,3000,50,1,0,2,2
0,68,82000,48,0,8,4,0
1,19,81000,59,0,0,4,2
0,32,97000,47,6,2,2,0
1,70,91000,55,5,8,2,0
0,47,9000,42,3,8,2,2
0,60,44000,49,0,0,5,2
0,60,10000,56,5,8,4,2
1,59,89000,47,0,0,4,0
1,26,49000,54,6,0,3,2
0,45,67000,53,1,0,2,2
1,40,99000,48,0,4,3,0
0,23,97000,52,2,2,2,0
0,49,98000,42,0,1,1,0
1,57,52000,51,5,0,4,2
1,38,61000,55,5,6,3,2
1,67,120000,41,0,8,1,0
0,46,34000,44,3,8,4,2
0,21,24000,57,8,1,3,2
1,48,31000,46,5,7,5,2
0,55,11000,58,0,0,3,2
0,22,55000,55,0,5,2,2
0,34,76000,60,3,7,3,2
0,50,56000,46,1,0,2,2
0,68,46000,55,3,0,3,2
1,18,36000,41,0,1,4,2
1,48,88000,49,0,1,2,0
0,40,31000,40,3,1,2,2
0,32,24000,42,0,0,1,2
1,24,80000,52,0,10,1,2
0,47,2000,47,0,0,1,2
0,27,67000,50,0,0,2,2
1,48,58000,42,1,1,2,2
1,20,80000,49,2,3,3,2
0,23,65000,41,0,0,4,2
0,49,4000,48,4,1,7,2
1,67,98000,59,0,0,3,0
1,26,52000,55,4,0,5,2
1,49,86000,56,5,10,2,0
0,21,82000,42,1,1,2,0
0,66,43000,50,6,3,2,2
1,54,78000,46,7,1,1,2
1,68,13000,43,5,6,5,2
1,66,13000,48,5,9,3,2
1,65,34000,52,3,4,4,2
0,19,25000,54,0,0,1,2
0,38,71000,42,1,1,5,2
1,19,2000,46,0,1,1,2
0,18,97000,48,4,0,3,0
0,19,51000,50,4,8,4,2
0,63,9000,43,7,1,1,2
0,49,79000,59,0,0,2,2
0,51,84000,43,0,2,7,0
0,50,87000,57,0,1,2,0
1,27,36000,56,4,0,3,2
0,38,50000,40,4,1,4,2
0,40,97000,58,2,9,4,0
1,39,6000,91,5,1,3,2
0,23,12000,29,3,9,2,2
0,31,46000,77,8,1,2,2
1,43,89000,35,2,0,7,0
1,40,4000,95,0,0,2,2
1,59,38000,11,2,0,2,2
1,38,64000,75,3,8,5,2
1,47,66000,9,4,9,5,2
1,39,26000,75,7,0,2,2
0,25,41000,34,5,6,4,2
0,31,45000,71,0,5,1,2
1,20,89000,5,2,1,2,0
0,29,92000,88,4,5,5,0
0,44,76000,7,0,5,2,2
1,32,85000,73,0,3,4,0
1,19,22000,10,8,8,4,2
0,35,15000,72,0,4,4,2
0,57,32000,5,2,0,2,2
1,32,66000,93,0,0,5,2
0,28,62000,40,1,5,3,2
0,32,85000,87,7,1,2,0
1,25,71000,12,2,0,5,2
1,28,26000,97,8,8,5,2
1,48,52000,36,2,9,2,2
0,32,38000,74,7,1,1,2
0,34,51000,22,5,7,4,2
1,34,90000,90,0,6,3,0
1,43,30000,17,7,0,9,2
1,39,41000,88,2,0,1,2
0,44,17000,20,2,0,2,2
0,38,92000,76,0,2,2,0
0,47,80000,16,5,0,4,2
0,27,10000,89,8,8,4,2
1,37,16000,1,4,1,1,2
0,30,87000,78,0,3,4,0
1,34,66000,1,7,1,2,2
0,30,86000,73,0,3,3,0
0,56,9000,35,0,1,1,2
0,29,50000,83,5,1,5,2
1,19,35000,5,4,0,5,2
0,31,58000,93,5,1,5,2
1,50,47000,26,1,0,2,2
0,36,54000,75,0,5,3,2
1,42,79000,20,6,9,3,2
0,33,83000,95,0,0,5,0
0,36,57000,27,0,0,3,2
1,32,0,63,0,2,2,2
1,40,69000,13,0,3,5,2
1,28,4000,75,4,0,2,2
1,36,79000,10,7,0,2,2
1,36,99000,92,0,5,2,0
0,52,20000,13,7,0,2,2
0,30,28000,86,0,3,4,2
1,58,29000,15,2,11,1,2
1,27,45000,69,5,2,6,2
1,59,86000,14,5,4,3,0
1,35,42000,90,2,8,1,2
0,37,59000,32,0,7,2,2
0,32,61000,86,3,7,5,2
1,46,11000,15,0,7,1,2
0,29,66000,88,0,4,4,2
0,41,39000,39,0,1,1,2
1,30,72000,97,0,6,2,2
0,54,14000,24,7,1,2,2
1,28,44000,68,1,5,3,2
0,41,76000,17,2,8,2,2
0,36,95000,85,0,4,2,0
0,34,92000,23,0,5,3,0
0,32,98000,69,0,8,2,0
1,33,96000,8,4,9,2,0
0,38,45000,91,0,10,4,2
0,47,8000,16,0,7,2,2
0,35,46000,79,4,1,3,2
0,45,78000,28,0,0,2,2
1,32,4000,74,0,1,5,2
1,32,81000,18,4,1,2,2
1,30,33000,83,0,4,2,2
0,21,40000,10,5,0,3,2
1,34,85000,16,5,9,3,0
0,16,60000,0,2,6,8,2
0,76,60000,39,5,4,2,2
0,62,63000,59,3,0,2,2
0,63,10000,52,5,8,3,2
0,19,55000,61,5,0,3,2
1,46,93000,12,0,2,1,0
0,48,15000,7,1,0,2,2
0,80,39000,33,2,9,4,2
0,1,57000,93,2,1,2,2
0,0,22000,92,0,2,1,2
1,86,12000,70,8,2,4,2
1,49,50000,82,7,8,1,2
1,48,95000,68,1,2,4,0
0,46,66000,70,5,3,3,2
1,79,20000,40,1,6,2,2
0,83,35000,99,1,8,2,2
0,66,71000,34,4,9,2,2
0,59,76000,61,0,9,1,2
0,39,84000,33,0,5,3,0
0,95,72000,51,2,4,2,2
1,43,33000,55,0,4,3,2
0,93,93000,37,5,1,5,0
0,40,83000,48,6,4,1,0
0,78,23000,8,2,1,1,2
0,25,40000,77,0,5,4,2
1,76,89000,86,5,9,4,0
1,0,33000,64,8,1,1,2
1,15,94000,30,5,7,2,0
0,6,93000,53,7,8,2,0
1,84,7000,28,5,0,4,2
0,67,18000,88,7,0,2,2
0,78,3000,14,5,0,4,2
0,4,84000,54,0,9,1,0
0,29,62000,34,5,0,4,2
1,91,9000,96,5,1,5,2
1,95,36000,35,0,0,4,2
1,55,37000,74,7,1,4,2
0,14,50000,11,0,1,2,2
1,92,83000,16,4,1,5,0
0,65,79000,17,0,0,3,2
0,84,40000,14,5,1,4,2
0,77,47000,58,0,0,6,2
0,53,4000,20,0,0,4,2
0,28,38000,75,3,7,2,2
1,23,0,96,1,1,3,2
0,32,7000,16,0,1,2,2
0,37,41000,2,0,1,2,2
0,89,65000,0,2,0,5,2
1,80,20000,93,2,1,3,2
0,27,44000,65,1,8,1,2
0,78,3000,14,0,5,4,2
0,86,72000,13,7,7,3,2
0,46,27000,32,2,4,4,2
1,59,85000,49,7,4,2,0
1,12,38000,18,4,10,1,2
1,79,73000,96,6,6,7,2
0,79,64000,64,0,2,3,2
1,26,26000,60,4,6,4,2
0,63,47000,16,0,2,3,2
0,52,35000,85,1,2,6,2
0,32,31000,24,7,2,3,2
0,64,13000,38,2,3,4,2
0,37,79000,10,6,1,7,2
1,7,82000,39,3,2,2,0
0,40,28000,68,0,1,1,2
0,78,36000,79,0,0,3,2
0,34,8000,76,3,6,6,2
0,52,88000,39,0,1,2,0
1,94,91000,36,3,0,4,0
0,1,12000,82,1,0,3,2
0,96,1000,76,3,0,3,2
0,18,143000,99,0,0,2,1
0,37,18000,57,0,1,2,2
1,78,65000,89,7,1,2,2
1,16,9000,88,4,7,4,2
1,93,95000,21,0,1,1,0
0,74,78000,12,2,9,3,2
1,68,48000,73,5,3,3,2
0,32,63000,87,4,1,4,2
0,43,85000,63,8,1,2,0
0,52,43000,58,0,1,3,2
0,63,74000,20,0,1,2,2
0,33,67000,11,5,0,1,2
1,86,59000,40,0,0,1,2
0,85,140000,84,3,1,1,1
0,73,31000,47,5,1,2,2
0,21,5000,91,8,0,1,2
0,93,19000,58,2,1,3,2
1,9,27000,62,3,7,1,2
0,10,68000,80,1,6,3,2
1,11,38000,66,0,8,8,2
0,48,50000,36,2,6,4,2
0,73,80000,73,3,2,2,2
0,66,69000,43,4,9,3,2
0,79,31000,91,2,3,3,2
1,62,87000,41,1,6,2,0
1,17,79000,16,0,1,3,2
1,32,32000,86,3,5,2,2
1,85,153787,100,3,3,3,1
1,31,95851,16,5,5,2,0
0,31,145015,73,5,6,3,1
0,38,148539,7,5,5,2,1
0,90,117319,21,7,1,2,0
0,65,180243,26,8,6,2,1
0,63,165052,12,0,4,2,1
0,61,120487,14,1,0,2,0
1,26,112766,83,2,8,4,0
0,17,156488,65,2,1,4,1
1,56,97562,15,4,5,6,0
0,12,77501,30,2,5,4,2
0,24,118302,100,7,5,1,0
0,13,64277,9,4,9,4,2
1,12,53927,77,1,2,3,2
1,72,93921,93,7,9,2,0
0,54,132046,8,6,4,4,0
1,45,183217,91,0,7,2,1
1,66,182937,44,8,8,1,1
0,27,68272,56,5,8,4,2
1,36,69841,21,2,10,2,2
1,5,69078,60,7,13,1,2
0,89,110667,100,5,2,4,0
1,13,95469,94,1,6,1,0
0,91,102861,40,0,4,1,0
1,16,133551,7,0,3,1,0
0,63,64589,90,2,7,1,2
1,52,152755,39,2,4,2,1
0,37,92313,58,5,1,5,0
0,78,98922,2,0,2,3,0
1,24,165846,33,2,0,4,1
0,4,93713,62,2,3,4,0
1,84,137641,67,5,0,5,1
1,0,173743,96,0,0,4,1
0,67,116126,58,3,10,2,0
0,32,112246,30,5,8,3,0
0,39,69384,75,5,1,5,2
0,68,76529,62,5,0,2,2
0,7,123804,28,1,14,1,0
0,76,68292,55,0,8,2,2
0,84,173185,99,0,3,1,1
1,75,142034,82,3,1,4,1
1,22,107941,61,0,0,1,0
0,90,149840,61,2,1,1,1
0,4,148431,99,5,1,8,1
0,78,126599,84,7,0,3,0
0,58,57180,22,5,9,1,2
0,99,184426,41,0,9,1,1
0,24,151085,39,8,2,5,1
0,88,166107,98,0,13,4,1
0,92,67850,91,0,9,4,2
1,99,173394,4,2,13,1,1
0,51,72303,98,7,7,1,2
1,23,181760,35,5,14,3,1
0,13,146858,75,1,9,1,1
1,22,172923,20,2,6,1,1
0,89,115811,87,6,11,4,0
1,20,184324,51,8,13,5,1
0,72,67353,19,7,9,3,2
1,17,165999,71,5,9,3,1
1,90,164914,18,0,8,3,1
1,99,63364,61,3,1,2,2
0,39,182352,73,2,4,3,1
0,37,148544,56,3,1,2,1
1,46,62833,85,0,1,2,2
1,65,120627,72,5,0,2,0
0,60,130898,30,0,1,1,0
0,93,103130,74,4,12,3,0
1,72,106681,15,5,9,5,0
0,36,87353,25,3,1,5,0
1,52,88046,61,0,8,1,0
0,72,98168,49,3,1,2,0
0,28,178265,5,7,2,1,1
0,48,167232,92,1,6,4,1
1,85,140478,43,1,6,4,1
1,22,159296,83,0,8,1,1
0,30,144043,78,1,1,1,1
1,46,72594,64,0,1,2,2
0,82,180288,77,0,2,2,1
0,73,165734,51,3,0,1,1
1,8,175407,2,0,5,1,1
1,90,70201,8,2,0,2,2
1,34,91503,26,0,0,6,0
0,10,184522,43,0,0,2,1
0,79,143560,83,0,1,3,1
1,83,131574,97,0,1,2,0
0,20,151124,18,0,15,3,1
0,25,67447,5,0,15,2,2
0,26,117454,8,5,16,2,0
0,18,86203,23,1,13,1,0
0,7,136231,10,0,7,1,1
1,1,89144,1,1,12,2,0
1,21,119116,30,0,17,4,0
0,86,163463,31,0,9,4,1
0,75,151696,82,0,15,1,1
1,78,184736,52,7,13,1,1
0,87,70419,69,6,6,4,2
0,8,119104,41,3,14,3,0
1,59,130950,28,4,5,3,0
1,13,140950,77,0,15,2,1
0,55,82285,35,2,16,1,0
0,50,91389,92,5,11,7,0
1,54,186359,95,1,13,2,1
1,13,178989,46,1,14,3,1
1,79,166335,45,2,5,5,1
0,65,119889,11,0,17,6,0
0,51,66852,73,4,15,3,2
1,18,103896,36,4,16,4,0
1,21,187761,87,5,2,3,1
1,37,102717,93,5,7,4,0
1,83,102647,83,3,0,2,0
0,96,113585,31,7,0,4,0
0,65,86509,88,0,0,4,0
1,80,59099,44,8,1,7,2
0,75,135088,5,7,1,5,1
0,87,110870,78,2,1,4,0
0,86,187667,12,0,0,1,1
0,36,124614,25,0,8,5,0
0,78,166492,40,6,9,7,1
0,62,172758,69,3,1,2,1
1,89,122430,19,5,1,1,0
0,56,183540,96,3,0,6,1
0,35,96484,34,0,5,4,0
1,33,112587,71,0,1,4,0
0,58,155672,71,3,7,7,1
0,68,72847,93,0,1,2,2
1,38,71897,32,3,2,3,2
1,31,158479,57,1,1,5,1
1,90,89251,4,3,1,1,0
1,28,179911,24,2,1,1,1
1,1,111558,85,5,7,4,0
1,78,127615,78,4,10,7,0
0,23,50076,32,0,3,5,2
0,25,77779,62,0,4,1,2
1,59,169999,38,2,5,5,1
0,7,106581,76,1,1,7,0
0,24,78223,41,7,0,1,2
1,76,136259,14,0,0,7,1
1,37,153399,93,3,1,6,1
0,6,162858,91,0,0,1,1
0,0,57373,29,0,0,7,2
1,3,133602,47,0,1,1,0
0,95,66322,88,0,0,3,2
0,0,68761,16,7,1,4,2
1,7,70749,86,0,13,3,2
1,54,65874,87,0,7,6,2
1,89,115996,24,2,15,1,0
0,58,67097,91,2,6,1,2
0,12,108027,64,0,13,5,0
1,7,176349,80,5,8,2,1
1,11,88452,40,5,8,6,0
1,74,128266,55,2,7,4,0
0,64,156777,20,5,7,2,1
0,48,123234,50,7,10,7,0
0,8,60790,38,0,1,5,2
0,15,181332,99,0,14,6,1
1,1,187297,7,0,0,1,1
0,21,153885,86,0,6,6,1
1,84,53500,44,8,3,4,2
0,5,69443,28,1,4,6,2
0,47,124072,56,7,0,7,0
0,96,135800,29,5,0,7,1
1,93,120597,96,0,2,4,0
0,16,91358,11,3,1,4,0
1,56,53231,41,8,0,5,2
0,76,156330,31,2,1,2,1
1,0,186002,80,1,15,2,1
0,70,111760,53,4,12,5,0
0,47,143906,12,0,4,3,1
1,13,182410,22,5,11,4,1
1,86,98463,46,6,10,5,0
1,91,93762,28,0,15,7,0
1,97,104582,50,5,8,2,0
1,20,130813,92,0,17,5,0
0,11,59202,92,5,5,4,2
0,28,79968,45,7,9,2,2
1,32,104824,42,0,0,7,0
1,82,188719,30,7,0,6,1
1,39,187536,66,5,3,6,1
1,7,134008,85,3,2,1,1
0,13,176397,71,0,6,3,1
0,34,154888,43,5,9,6,1
1,76,155622,81,5,0,2,1
0,30,62330,60,5,1,1,2
0,69,112838,34,5,1,7,0
1,22,58283,59,6,2,4,2
0,60,77857,81,0,1,6,2
1,66,125024,25,0,0,1,0
0,57,136242,34,0,9,1,1
0,60,81934,81,5,1,4,0
0,59,130511,97,0,3,4,0
0,54,144502,88,7,3,1,1
1,90,63769,6,0,4,2,2
0,14,66760,20,0,0,4,2
0,34,135115,54,3,1,7,1
0,85,179877,17,5,12,4,1
0,83,93351,65,1,1,1,0
1,12,84547,96,6,3,3,0
1,95,121725,3,0,12,3,0
1,41,65723,91,0,6,7,2
0,38,96794,96,5,6,3,0
1,68,72352,61,5,8,5,2
0,4,53097,21,5,0,7,2
0,5,144831,17,0,1,3,1
0,3,183851,10,1,1,2,1
0,20,111896,90,4,1,3,0
0,3,64824,30,4,1,1,2
1,36,88565,16,5,1,5,0
0,70,104974,63,0,1,1,0
0,17,167060,47,0,1,5,1
0,31,69018,17,0,6,1,2
0,48,174109,96,3,0,1,1
1,28,62186,29,8,0,1,2
1,97,183783,70,5,9,3,1
1,81,83771,1,0,1,2,0
0,37,148196,91,0,0,2,1
1,85,131742,87,3,1,1,0
0,78,59971,94,6,14,7,2
0,13,88960,2,3,13,3,0
0,53,140107,38,5,1,5,1
0,41,161896,49,3,1,3,1
0,9,57272,60,2,1,1,2
1,20,119952,2,5,8,2,0
0,98,167197,63,1,1,5,1
0,44,186116,2,5,8,6,1
0,66,134677,59,5,15,5,1
0,58,180479,74,5,0,3,1
1,97,112783,21,0,9,6,0
1,13,150258,17,1,0,3,1
1,48,115832,92,0,2,2,0
0,47,104834,44,0,0,7,0
1,93,152571,66,1,14,5,1
0,11,162287,45,2,3,2,1
0,68,171761,59,1,1,6,1
0,87,77709,73,0,0,1,2
0,22,95053,17,3,1,2,0
1,89,74820,33,1,1,2,2
1,57,152267,92,2,9,5,1
1,91,71925,14,0,4,2,2
0,84,151340,95,0,1,7,1
1,56,162921,51,4,0,4,1
0,26,52234,30,4,1,2,2
0,56,100271,87,0,1,5,0
0,6,170266,23,0,3,2,1
0,33,88763,1,3,1,1,0
0,89,107359,26,0,10,6,0
1,99,164781,83,2,0,2,1
0,25,156016,85,0,2,1,1
0,96,186882,40,3,1,7,1
0,35,99300,88,6,5,2,0
1,16,58127,65,8,0,3,2
0,81,89211,12,1,1,7,0
0,7,148607,59,6,1,7,1
0,31,139592,62,8,1,1,1
0,16,172051,62,5,1,3,1
1,89,57033,99,0,0,4,2
1,84,117612,63,2,0,6,0
1,40,185321,96,0,0,7,1
0,17,186577,5,5,8,5,1
1,0,151298,89,0,0,6,1
0,69,123925,52,0,1,7,0
0,17,169496,12,7,11,6,1
0,0,142892,25,3,8,1,1
0,34,58979,3,3,9,5,2
0,51,141416,100,5,15,1,1
1,54,104854,67,5,1,7,0
0,19,180331,14,0,17,5,1
0,99,172896,13,2,0,3,1
0,2,101451,82,5,4,3,0
0,91,189974,37,2,8,1,1
1,65,90084,65,0,1,6,0
0,47,112247,24,4,4,5,0
0,91,181775,61,0,4,5,1
0,64,59088,31,0,1,3,2
0,91,60856,23,0,1,6,2
1,32,149900,34,0,6,3,1
1,15,142776,98,2,8,5,1
1,22,162598,84,0,8,3,1
0,37,146195,89,5,4,4,1
1,83,135268,53,7,4,5,1
0,89,136037,1,8,5,1,1
0,33,111191,67,0,9,4,0
0,13,144111,62,3,12,5,1
0,71,177359,56,1,6,2,1
0,10,112818,85,8,15,7,0
1,49,53509,98,0,5,4,2
0,9,168269,75,4,10,2,1
0,53,86766,2,7,16,3,0
0,63,52661,25,5,12,5,2
0,46,148520,14,5,11,5,1
1,42,149936,52,0,15,3,1
0,73,102296,31,3,7,5,0
1,75,178416,16,4,10,7,1
0,49,83788,41,1,15,1,0
0,96,184771,77,2,8,5,1
0,52,70302,88,4,14,3,2
0,15,58639,51,3,5,7,2
1,91,97879,40,3,15,7,0
1,22,64707,29,3,7,3,2
1,62,71795,87,5,8,1,2
1,41,76567,85,1,16,1,2
1,61,126370,20,0,11,4,0
0,71,154007,32,0,7,7,1
0,91,69720,78,7,17,6,2
0,94,85265,68,4,7,6,0
0,3,155864,31,5,13,3,1
0,15,99421,72,0,8,7,0
0,96,145457,57,4,2,1,1
1,12,118041,77,0,9,2,0
0,23,73759,83,1,0,7,2
1,94,90082,17,0,5,7,0
0,7,74928,12,0,0,6,2
0,74,101352,36,7,0,5,0
0,52,93947,81,5,9,2,0
1,39,134629,23,2,1,6,1
1,72,101858,70,5,8,6,0
0,55,165501,47,0,10,4,1
1,29,135931,74,7,5,1,1
1,38,103356,20,8,1,6,0
0,44,75195,79,0,1,3,2
1,58,123083,44,3,6,5,0
1,77,73884,30,5,1,2,2
0,56,91180,61,3,1,7,0
1,79,86235,52,0,0,2,0
0,97,96400,4,1,1,7,0
1,78,83599,12,5,1,6,0
0,91,82535,50,5,0,1,0
1,35,92227,8,7,0,5,0
0,43,150444,27,0,13,4,1
0,37,149095,83,7,1,2,1
1,63,113605,42,0,3,3,0
0,16,93854,82,5,0,7,0
1,32,118280,92,0,0,5,0
1,91,94576,90,0,0,1,0
0,33,129257,70,4,6,3,0
0,57,70373,10,5,2,6,2
0,43,77600,66,5,0,1,2
0,26,113707,97,3,0,5,0
0,59,189672,8,1,0,7,1
0,61,143180,58,0,0,5,1
0,59,174890,14,8,3,4,1
1,66,121377,19,0,7,7,0
1,26,154857,13,5,0,7,1
0,67,160945,51,5,0,5,1
0,85,119557,35,0,0,2,0
0,76,187141,33,1,0,7,1
0,57,97468,22,0,0,1,0
0,77,160351,77,7,8,5,1
0,66,178627,94,5,1,2,1
0,49,170188,80,7,1,6,1
0,36,166007,40,1,1,4,1
1,74,91794,83,3,0,7,0
0,16,189072,86,0,6,3,1
1,27,152717,15,4,1,6,1
0,3,158549,98,4,0,3,1
1,31,134263,94,8,1,3,1
0,30,148236,28,4,1,1,1
1,94,171677,81,0,0,6,1
0,31,189446,38,0,1,6,1
1,49,106633,53,0,0,3,0
1,49,81084,48,4,6,5,0
1,53,148759,52,1,7,7,1
0,3,117638,95,5,2,7,0
0,91,159537,37,1,4,1,1
1,26,79526,6,8,9,7,2
1,28,101414,64,0,8,1,0
0,92,109519,72,3,1,4,0
0,59,156880,70,0,0,7,1
1,15,157278,58,0,0,6,1
0,23,144916,84,2,1,7,1
1,54,59163,100,8,3,3,2
0,93,93991,49,0,1,3,0
0,65,58318,45,1,1,1,2
0,13,180786,88,7,1,5,1
1,71,84622,45,1,0,6,0
1,1,92674,59,0,8,4,0
0,57,87553,94,0,1,1,0
1,14,74174,79,3,1,2,2
0,77,180831,33,5,1,2,1
0,89,137397,33,1,1,7,1
1,17,96154,100,0,1,4,0
1,86,172477,69,3,1,3,1
1,42,59954,37,4,4,4,2
0,29,112240,95,3,0,4,0
0,54,145679,35,0,0,2,1
1,96,136265,49,0,12,5,1
0,58,74869,12,5,0,3,2
0,52,109425,46,2,0,1,0
0,3,126015,57,5,0,1,0
0,13,156951,66,5,4,7,1
0,3,127172,68,5,1,2,0
1,89,113834,22,1,0,3,0
1,83,132005,2,3,0,5,0
0,80,171323,78,7,10,4,1
0,74,92355,87,3,1,4,0
1,42,60982,3,5,0,5,2
0,91,51742,33,0,8,3,2
0,31,138612,71,4,9,2,1
1,8,158123,84,0,1,1,1
1,64,164675,65,4,0,5,1
0,41,172882,27,5,8,7,1
0,62,70119,93,0,0,1,2
1,41,113998,26,5,7,7,0
1,22,114011,40,0,5,7,0
1,5,57265,89,3,7,7,2
0,38,130597,2,0,6,1,0
0,88,121597,7,2,0,5,0
1,56,103210,100,0,6,6,0
1,47,66308,8,4,0,4,2
1,4,141336,93,6,2,1,1
1,82,153632,76,3,9,7,1
0,31,65520,71,7,1,2,2
0,69,153217,83,5,1,6,1
1,62,92768,75,1,1,1,0
0,54,132345,10,0,0,2,0
0,60,186069,49,8,1,2,1
0,31,53802,32,0,1,7,2
0,17,103739,62,5,6,4,0
0,15,50550,34,5,9,7,2
0,37,145648,21,5,7,6,1
1,36,85737,37,4,0,3,0
0,27,99950,20,3,0,4,0
0,11,83220,21,2,7,4,0
1,83,73410,50,3,8,5,2
0,71,64310,43,8,2,1,2
0,20,59844,79,1,0,1,2
1,3,67787,1,4,1,6,2
1,52,172841,4,2,0,1,1
1,75,145528,61,5,1,2,1
1,36,173807,42,0,0,2,1
1,60,185794,69,3,7,1,1
1,8,119780,71,5,1,3,0
0,9,158596,86,0,1,2,1
0,41,118122,52,3,0,6,0
1,38,99964,11,5,7,4,0
0,69,120752,27,4,1,6,0
0,33,189630,53,4,5,5,1
1,64,125510,6,5,3,3,0
1,19,101799,49,2,1,1,0
0,88,92914,74,0,0,3,0
0,91,162465,59,2,9,3,1
1,84,163818,27,2,2,1,1
0,43,53832,56,3,4,1,2
0,30,140190,49,2,1,4,1
1,16,125836,69,5,1,4,0
1,89,100938,27,3,0,7,0
1,5,168670,37,0,1,3,1
0,54,176885,10,3,0,3,1
0,41,111174,28,0,4,5,0
1,80,127335,97,0,6,6,0
1,37,149103,3,5,10,1,1
1,87,167705,31,5,0,7,1
0,50,183548,85,3,1,4,1
0,14,50396,46,7,0,6,2
0,17,63557,3,8,1,1,2
0,98,87878,55,0,1,6,0
1,3,55634,53,2,8,3,2
0,83,118110,26,2,1,5,0
1,13,129396,36,0,6,6,0
0,46,62628,64,3,8,6,2
0,25,51700,17,5,4,6,2
0,4,106816,49,0,7,5,0
1,64,93000,67,7,0,2,0
0,84,144148,71,1,1,4,1
1,12,101388,90,0,0,2,0
0,56,171560,78,2,0,2,1
1,58,156366,60,3,8,1,1
0,0,143910,22,8,1,7,1
0,25,106569,84,2,1,3,0
1,28,173009,25,5,9,6,1
1,78,54252,29,2,0,5,2
1,56,104600,57,3,6,3,0
1,91,50250,54,0,0,2,2
1,77,93242,84,3,0,7,0
0,83,156839,38,0,3,7,1
0,64,71305,39,0,9,2,2
1,19,85975,73,3,0,6,0
1,94,188107,52,2,10,2,1
1,19,82333,35,8,1,2,0
1,84,125016,25,3,1,7,0
0,10,148908,10,5,2,3,1
0,19,58217,70,0,0,1,2
1,74,76521,29,2,7,4,2
0,95,117763,42,0,1,2,0
0,34,115184,93,6,1,4,0
1,30,54251,7,0,2,6,2
0,53,112530,24,3,2,6,0
1,67,107409,2,0,1,6,0
0,23,84793,23,6,9,6,0
0,25,66952,79,3,1,2,2
0,84,153465,11,7,1,4,1
0,1,178214,17,0,1,7,1
1,70,152069,42,3,4,4,1
0,56,132860,17,5,7,2,0
0,0,147719,86,7,1,7,1
0,91,172915,29,1,9,1,1
0,81,148594,29,3,3,5,1
1,33,61986,77,4,0,1,2
1,75,91456,13,0,1,4,0
1,11,166247,84,4,1,2,1
0,61,140516,50,0,0,3,1
1,81,148208,36,0,5,7,1
0,62,133822,78,8,0,4,1
0,44,175424,32,0,4,5,1
0,67,121528,92,5,8,4,0
0,30,189369,69,5,0,3,1
0,92,80808,26,0,1,1,2
1,25,57535,84,3,1,7,2
0,61,163509,51,5,0,4,1
0,72,75884,57,4,0,7,2
0,89,157759,52,0,1,6,1
0,37,184813,44,4,0,2,1
1,59,187253,51,4,8,7,1
1,41,81718,36,3,1,3,0
1,60,150019,37,1,1,2,1
0,81,53452,73,3,1,6,2
1,85,150765,42,6,8,2,1
0,91,154456,71,0,0,7,1
0,65,56647,12,1,6,4,2
0,19,117477,48,5,6,7,0
0,78,79677,9,0,10,7,2
0,0,116759,28,8,7,3,0
1,26,180702,21,3,6,1,1
0,2,122698,100,3,8,1,0
0,60,169346,55,5,7,2,1
0,67,93176,25,0,4,1,0
0,4,75853,40,6,4,5,2
1,7,119362,58,2,8,1,0
1,28,81545,36,0,4,7,0
1,67,67372,75,0,0,7,2
0,30,109703,61,4,1,1,0
1,38,166697,39,8,13,4,1
0,40,124982,34,2,1,7,0
0,6,146776,83,7,1,7,1
0,3,147548,45,4,4,5,1
0,51,117620,60,5,7,6,0
1,63,85351,57,5,0,2,0
1,65,174432,8,0,0,7,1
1,44,70787,68,1,1,3,2
0,90,75473,63,5,0,7,2
1,76,90082,49,5,1,6,0
0,62,185388,54,5,0,2,1
0,5,168110,69,1,14,6,1
0,67,184628,38,0,12,2,1
0,38,176551,45,5,8,1,1
0,31,76422,21,5,9,7,2
1,2,164248,51,3,9,3,1
0,82,109188,38,7,5,7,0
0,66,132951,26,5,4,1,0
0,75,164598,32,5,8,1,1
1,69,186655,32,0,7,2,1
0,62,111859,86,5,6,1,0
0,0,121926,41,7,7,1,0
0,11,143047,42,4,1,3,1
0,22,131748,23,0,1,3,0
1,76,142801,23,7,0,1,1
1,85,142723,46,2,0,6,1
1,21,155151,16,8,14,3,1
0,64,153607,48,5,1,4,1
1,94,144192,34,5,0,3,1
0,83,174159,22,7,4,4,1
0,93,73642,50,8,0,3,2
0,12,170319,46,0,8,7,1
0,0,141351,10,2,0,2,1
0,79,167411,9,8,12,5,1
1,90,58289,49,0,5,6,2
0,45,79801,77,1,0,2,2
0,82,146118,52,8,8,7,1
0,57,57337,14,5,1,4,2
0,43,113575,6,3,1,2,0
1,63,122658,65,2,6,2,0
0,62,151836,13,0,0,6,1
0,43,185900,80,6,9,4,1
0,34,94029,98,5,1,4,0
0,30,157290,22,0,2,2,1
1,97,175996,42,3,10,4,1
1,68,102016,37,0,0,4,0
1,16,77902,67,0,1,2,2
0,15,81138,86,5,9,7,0
1,25,128258,48,4,0,2,0
0,29,62475,24,0,6,4,2
0,85,82854,75,0,6,4,0
0,30,59284,38,1,7,7,2
0,13,141580,92,5,0,4,1
0,88,171362,90,4,6,4,1
1,5,78274,65,0,9,2,2
0,95,76646,61,0,0,1,2
0,92,78308,66,4,5,2,2
0,63,78971,89,2,1,2,2
0,75,65528,73,8,1,5,2
1,67,94199,71,0,5,7,0
0,58,135705,48,2,8,7,1
1,52,130573,31,3,8,3,0
0,85,152303,68,0,1,5,1
0,31,144582,89,1,1,1,1
0,84,93288,60,0,10,6,0
0,93,88192,3,8,10,2,0
1,18,62362,81,7,7,3,2
1,73,74350,39,7,10,1,2
1,3,144103,42,5,8,7,1
1,1,75518,17,7,7,3,2
1,53,160980,62,1,4,2,1
0,75,102904,28,0,7,6,0
0,15,174501,37,0,9,7,1
0,47,157661,57,5,6,6,1
0,66,118385,8,5,10,3,0
0,17,116463,100,0,8,4,0
0,1,161212,14,0,9,6,1
1,16,172601,50,8,4,6,1
0,52,167214,94,6,8,7,1
1,21,69644,19,0,5,1,2
0,19,120215,46,6,7,2,0
0,29,180401,23,2,7,6,1
0,40,113739,93,0,5,7,0
1,76,111717,41,5,1,2,0
1,91,62808,20,2,0,4,2
0,24,67582,13,0,1,3,2
1,4,96543,60,0,9,1,0
1,90,89667,69,0,0,2,0
0,56,98980,65,2,0,1,0
1,14,124998,17,7,1,3,0
1,52,189091,12,0,0,6,1
0,14,153842,3,0,1,3,1
1,30,106314,16,0,0,7,0
0,70,62901,60,0,8,5,2
1,14,149618,78,5,4,6,1
0,95,72068,97,5,0,6,2
1,25,81367,87,0,0,3,0
0,95,118575,10,3,1,3,0
0,12,82382,97,4,1,3,0
1,82,114776,55,3,10,3,0
0,2,145597,81,0,1,6,1
1,51,162072,86,2,1,1,1
1,63,172872,11,5,0,7,1
0,30,182162,6,0,1,3,1
0,68,71467,81,0,5,7,2
0,21,85568,1,5,0,6,0
0,99,56851,72,3,6,3,2
0,0,116782,73,0,9,5,0
0,80,67781,1,3,4,4,2
0,51,70152,29,5,0,2,2
1,18,185861,82,0,3,6,1
1,43,162595,17,0,3,3,1
0,29,80098,54,7,10,6,2
0,20,184801,8,7,1,1,1
0,39,58908,37,0,6,6,2
0,9,146011,69,8,9,5,1
0,45,135174,39,0,9,4,1
0,65,114244,64,0,0,1,0
0,64,157207,52,5,0,4,1
0,81,128834,23,3,5,4,0
1,54,51166,24,3,0,7,2
0,32,130118,36,0,0,4,0
1,29,87014,71,1,11,4,0
0,25,111379,93,0,0,2,0
1,5,83704,82,3,1,1,0
0,55,90558,49,5,8,2,0
1,12,187343,14,5,6,3,1
0,81,111174,48,3,9,6,0
1,87,64461,63,2,4,4,2
1,12,109618,97,0,7,3,0
1,91,189357,4,7,7,1,1
0,63,120955,79,0,6,1,0
0,97,168898,54,6,8,7,1
1,89,130431,52,5,6,3,0
1,59,161091,56,2,9,1,1
0,26,69988,2,6,5,4,2
0,5,169702,98,1,5,1,1
1,32,186897,49,5,1,7,1
0,98,109061,41,2,6,1,0
1,31,188620,30,0,3,6,1
0,59,108675,57,0,4,5,0
0,80,177601,34,3,0,2,1
0,12,87365,3,8,1,2,0
1,80,95929,23,2,0,2,0
1,59,97185,87,3,0,5,0
0,56,103838,17,0,1,2,0
1,18,129260,11,1,1,3,0
0,66,151184,19,0,1,4,1
0,67,177512,62,2,2,3,1
1,39,140099,51,7,0,7,1
1,23,67535,97,5,7,6,2
1,47,133236,61,4,1,6,0
0,41,87975,5,6,9,7,0
0,40,164350,23,5,0,5,1
1,36,55109,53,0,8,3,2
0,12,67613,40,3,1,2,2
0,60,185306,47,3,0,2,1
0,24,154787,84,4,3,5,1
0,17,109759,96,0,9,3,0
0,92,114571,51,4,1,3,0
1,32,130697,93,0,1,2,0
1,39,115916,24,1,13,6,0
0,50,69814,53,0,9,2,2
0,85,118161,74,2,0,4,0
1,65,56583,65,5,2,3,2
0,17,185843,36,0,4,3,1
0,31,171825,22,3,10,4,1
1,24,77976,95,0,11,3,2
1,97,66312,75,3,0,1,2
0,92,81839,11,3,0,4,0
0,80,55712,5,0,5,6,2
1,33,158335,45,5,2,5,1
1,8,74253,45,7,1,6,2
1,67,119625,3,5,4,4,0
0,8,129743,6,0,0,2,0
0,61,101007,60,7,0,6,0
1,83,87529,49,0,9,7,0
1,8,151648,98,5,8,6,1
1,69,61637,67,0,0,5,2
1,14,164659,59,3,1,6,1
0,80,125623,62,4,0,4,0
0,85,104054,22,0,8,4,0
1,88,83535,56,0,1,5,0
0,76,166245,13,4,7,3,1
0,32,100890,60,3,4,4,0
0,99,55972,83,3,1,7,2
0,85,134282,39,0,2,5,1
0,25,106669,22,7,1,7,0
0,99,145777,94,4,1,5,1
1,41,119259,91,5,1,5,0
0,1,150174,59,0,2,2,1
0,45,55472,51,5,1,3,2
1,55,99423,82,5,0,5,0
0,20,146221,25,8,0,3,1
0,33,84238,31,0,1,2,0
1,92,57032,75,3,1,5,2
1,93,88811,52,2,0,4,0
1,60,167420,38,0,5,2,1
1,38,101846,17,1,3,2,0
1,15,114061,87,0,2,5,0
1,74,147449,16,0,1,5,1
0,47,83043,76,4,0,1,0
0,96,168990,81,1,9,5,1
1,97,73867,65,5,4,5,2
0,35,165772,51,5,1,4,1
0,19,178217,38,8,0,3,1
1,60,162612,98,2,1,6,1
1,37,99872,53,3,11,3,0
0,49,142566,77,0,1,7,1
0,1,111424,80,3,8,5,0
1,43,187841,38,0,1,4,1
0,46,171921,50,0,1,6,1
0,65,115299,87,0,6,3,0
1,75,94129,27,5,6,7,0
1,40,172378,39,3,5,6,1
1,28,146597,31,2,1,4,1
0,78,64057,44,1,0,3,2
0,22,163585,49,0,9,5,1
1,6,93186,83,3,1,3,0
1,46,149764,1,3,0,6,1
1,17,116822,84,1,1,3,0
0,46,109346,37,3,1,2,0
0,72,111587,99,0,7,4,0
0,38,166644,66,0,8,6,1
0,50,181270,56,0,1,1,1
1,47,65207,81,5,1,2,2
0,72,112146,21,6,8,4,0
1,8,104953,57,1,1,6,0
0,34,139009,24,0,0,4,1
0,53,67916,82,5,0,6,2
0,82,99983,88,4,0,1,0
1,63,131122,40,0,9,6,0
0,58,173190,37,1,9,4,1
1,23,122712,21,8,1,1,0
0,80,55792,30,0,1,6,2
1,45,73892,45,1,1,4,2
0,30,78821,46,0,1,4,2
0,84,152475,12,0,0,7,1
1,45,152226,87,0,4,4,1
1,85,117679,18,3,1,3,0
1,23,146473,87,0,1,4,1
1,79,66051,75,5,1,7,2
1,47,162332,72,3,1,5,1
0,93,166018,71,1,0,3,1
0,95,67398,81,3,2,5,2
1,44,73760,70,3,1,6,2
1,95,167578,66,3,0,1,1
1,28,130267,45,2,8,4,0
1,91,94846,95,2,0,5,0
0,81,155396,1,2,9,5,1
0,90,138013,16,0,8,7,1
1,79,148286,77,3,0,4,1
0,6,101031,28,0,1,1,0
0,38,52884,24,7,1,1,2
1,87,153230,15,5,8,1,1
0,93,63261,13,2,1,7,2
1,44,90167,84,2,0,3,0
0,10,162076,78,0,0,3,1
0,84,53622,27,0,0,3,2
0,7,172913,94,4,3,4,1
0,41,94316,86,0,0,6,0
1,87,141383,3,0,7,5,1
0,33,67874,55,0,0,2,2
0,34,176554,62,5,1,2,1
0,53,135341,56,5,10,2,1
0,47,129019,57,5,0,3,0
1,53,107879,3,1,1,6,0
1,92,79531,4,0,1,1,2
1,89,63379,59,0,12,7,2
0,27,156258,54,3,0,4,1
1,70,67874,41,3,9,3,2
0,86,159964,57,2,5,6,1
0,99,103706,50,3,1,2,0
0,96,64713,84,3,2,7,2
0,65,90414,55,0,1,5,0
0,82,171100,34,4,0,5,1
1,36,187305,85,2,6,7,1
0,30,139758,46,7,0,6,1
0,96,91226,56,5,0,5,0
0,69,143928,30,2,9,7,1
0,34,92366,14,5,0,6,0
1,74,175041,25,0,4,1,1
1,97,147301,93,7,1,5,1
1,56,119296,49,2,0,7,0
0,30,126306,44,0,0,1,0
1,13,100647,49,4,1,3,0
0,95,168663,16,2,11,5,1
0,2,105391,42,4,1,7,0
0,78,175179,43,4,9,4,1
0,54,165019,12,3,1,2,1
0,85,68212,26,5,7,4,2
1,13,64572,71,0,1,2,2
0,85,92591,99,0,8,2,0
0,41,69730,97,0,1,4,2
0,25,156793,57,8,2,4,1
0,74,56848,41,0,5,1,2
1,8,148450,55,5,0,6,1
1,62,150619,32,0,10,6,1
1,52,100261,10,0,1,6,0
0,36,109895,56,5,5,2,0
1,11,152684,24,7,0,3,1
0,84,133765,83,0,1,3,1
0,99,57677,99,7,0,5,2
0,51,112358,27,0,0,6,0
0,57,73845,52,0,1,7,2
1,92,89531,42,5,6,2,0
1,29,118092,100,3,7,3,0
1,62,144242,49,3,1,4,1
0,43,140876,90,3,0,4,1
1,72,76888,26,8,0,1,2
0,28,116644,88,0,6,3,0
0,57,143021,3,4,5,4,1
0,86,145679,91,7,9,6,1
0,26,64398,7,7,1,6,2
0,13,104512,40,8,9,3,0
1,1,71564,68,0,1,5,2
0,89,122707,64,6,2,3,0
0,91,51733,96,5,0,5,2
0,67,138087,63,8,1,7,1
1,63,147278,51,7,0,4,1
0,90,187339,62,5,0,6,1
0,87,129972,97,4,1,6,0
0,89,151176,55,5,1,2,1
0,34,74358,60,0,0,6,2
1,89,83953,82,5,0,3,0
1,31,62925,24,2,1,6,2
1,55,65257,93,1,2,3,2
0,3,188557,4,5,9,2,1
1,64,163783,84,5,3,1,1
0,1,108342,97,1,0,3,0
0,20,155951,21,5,7,4,1
0,18,183071,29,0,7,4,1
0,83,124104,20,5,4,6,0
0,21,136747,3,5,1,1,1
1,19,189498,18,0,4,1,1
0,74,76149,48,0,9,6,2
0,44,185550,54,0,0,1,1
0,52,119567,19,0,5,2,0
0,14,79806,30,2,1,6,2
1,10,180774,66,3,1,5,1
0,80,90142,50,7,1,2,0
0,82,184481,84,4,0,2,1
0,32,66089,75,0,6,3,2
0,16,60044,83,0,4,1,2
1,61,52543,23,4,0,6,2
1,57,50429,23,0,0,1,2
1,95,178228,45,2,1,2,1
0,38,161130,98,0,8,3,1
1,70,87976,38,7,1,6,0
0,40,179150,91,0,5,2,1
0,92,163442,32,4,1,6,1
0,73,108159,18,3,8,7,0
0,62,73419,14,5,0,1,2
0,12,138425,78,1,11,6,1
1,65,54431,93,5,1,7,2
0,88,168437,81,0,2,2,1
0,55,71322,54,3,1,6,2
0,99,122548,14,0,2,5,0
0,20,141428,32,3,1,5,1
1,97,142214,32,0,7,4,1
0,93,62590,43,0,9,6,2
1,84,172523,83,0,6,2,1
0,16,157588,76,4,2,6,1
0,10,143313,57,1,4,7,1
0,59,119833,38,1,1,2,0
0,54,70803,35,3,0,5,2
1,82,139008,47,0,1,4,1
1,83,126669,53,0,1,6,0
1,87,122722,10,4,9,4,0
1,1,79800,47,0,0,1,2
1,89,100155,5,5,6,1,0
0,32,110846,49,0,0,2,0
0,1,106841,69,3,0,3,0
0,54,117181,66,1,12,5,0
0,56,86898,76,5,0,6,0
0,31,143241,81,4,4,7,1
0,26,146028,33,5,0,5,1
1,7,165287,65,1,1,3,1
0,60,132486,9,0,1,2,0
1,92,96424,74,0,8,5,0
0,93,151468,41,0,1,5,1
0,8,76561,79,5,0,1,2
0,81,125316,81,7,0,6,0
1,21,109373,22,3,4,2,0
1,96,135042,12,0,0,7,1
0,78,59784,81,0,3,3,2
1,86,140687,63,0,1,2,1
1,1,182927,55,5,1,1,1
0,62,175534,44,0,1,6,1
1,68,170957,6,7,1,3,1
1,70,81197,76,0,0,4,0
0,21,104888,8,5,0,4,0
1,74,184838,18,0,8,5,1
0,62,139588,66,4,0,2,1
1,22,126543,45,6,0,3,0
0,87,177260,45,3,14,2,1
1,44,156823,42,5,9,5,1
0,27,183201,52,2,8,6,1
0,95,84925,46,0,4,6,0
1,89,69719,47,0,9,2,2
0,41,61355,13,5,1,3,2
1,41,156014,49,1,14,5,1
1,21,184088,21,3,11,7,1
0,59,158372,98,0,1,1,1
0,64,135742,67,5,1,7,1
0,38,145704,82,8,0,4,1
0,70,157307,23,4,4,3,1
0,25,88064,73,4,1,5,0
0,3,167226,59,6,3,1,1
0,70,153821,8,8,1,4,1
1,29,170669,78,1,9,5,1
1,88,93555,13,0,3,3,0
0,20,101941,18,5,1,3,0
0,58,78795,44,2,0,6,2
0,70,55875,94,2,0,5,2
0,44,177513,81,7,1,5,1
0,87,100850,83,1,0,3,0
0,0,143082,63,3,0,7,1
0,96,85447,4,0,9,6,0
0,75,114213,33,1,9,4,0
1,14,161120,69,4,0,1,1
0,8,186682,86,3,1,1,1
1,58,105302,75,1,0,3,0
0,5,133400,47,2,0,6,0
1,70,56432,23,2,0,5,2
0,49,136467,72,5,3,3,1
1,60,189945,20,2,0,5,1
0,25,163966,48,7,1,5,1
1,47,52152,17,0,0,3,2
1,53,145720,62,6,12,7,1
1,24,188034,61,5,1,5,1
0,46,127911,3,6,9,2,0
0,70,174114,31,7,1,1,1
1,53,144489,10,0,14,3,1
1,63,77440,47,7,0,5,2
0,24,86119,44,0,1,6,0
0,5,100056,49,3,1,3,0
1,7,66686,50,0,8,7,2
0,71,74696,41,1,1,6,2
1,23,65641,50,3,4,5,2
0,0,61228,81,3,1,6,2
0,2,138529,87,5,0,4,1
0,72,152405,4,0,1,4,1
1,18,157757,84,1,0,4,1
1,11,166361,59,2,6,4,1
0,95,67227,30,0,1,7,2
1,20,161156,88,2,0,4,1
0,58,170647,70,5,1,7,1
0,67,161646,36,5,0,2,1
1,43,98016,18,5,9,6,0
1,36,50526,19,0,0,6,2
1,2,175208,43,4,8,4,1
0,35,97721,48,2,0,7,0
0,81,142013,81,3,3,4,1
1,84,166737,76,0,0,3,1
0,18,62651,13,3,0,2,2
0,54,179546,4,6,8,4,1
0,98,51866,81,0,12,7,2
0,75,86297,42,4,9,4,0
0,98,65031,23,0,0,4,2
1,94,69383,25,3,0,2,2
1,24,70733,63,0,5,3,2
0,47,187898,89,0,6,2,1
0,40,116001,55,2,1,4,0
1,68,87040,4,0,9,1,0
0,18,180956,74,0,2,2,1
0,83,115517,82,5,0,6,0
1,34,76979,46,7,1,3,2
1,81,50798,56,0,10,5,2
0,61,146350,43,0,1,3,1
0,77,81112,61,5,5,3,0
1,52,80605,20,1,1,6,2
1,40,171949,11,1,1,6,1
1,93,159006,26,0,8,6,1
0,45,177368,96,5,1,2,1
0,83,187643,3,0,1,1,1
1,23,93841,25,7,0,7,0
1,15,131061,92,5,0,7,0
1,79,146130,20,3,6,6,1
1,80,84471,79,1,1,5,0
0,35,144485,15,3,0,4,1
0,39,158638,78,5,2,5,1
1,4,96693,28,3,0,4,0
0,83,129507,93,5,4,7,0
0,94,114510,39,5,0,4,0
0,33,109396,17,0,1,2,0
0,12,149031,96,0,10,5,1
0,77,66256,13,7,1,2,2
0,48,118285,69,1,8,4,0
1,97,128723,58,0,4,5,0
0,28,178285,91,0,4,7,1
0,99,144176,74,8,7,2,1
1,27,82474,31,0,9,3,0
0,95,159010,84,7,6,2,1
0,6,76164,83,0,6,2,2
1,18,77873,49,4,6,5,2
1,42,53392,89,0,6,4,2
1,50,168898,41,0,9,7,1
1,86,128917,7,6,5,5,0
1,69,185067,49,7,5,4,1
1,23,132183,76,0,10,3,0
0,82,82060,46,5,7,1,0
0,97,133614,58,0,7,4,0
1,42,94844,64,0,7,6,0
0,75,76474,5,1,5,5,2
0,14,94655,9,5,8,1,0
1,3,60933,30,1,8,1,2
1,16,79257,82,5,6,2,2
0,45,125677,36,3,5,2,0
0,23,127971,56,0,1,5,0
1,38,76103,62,4,9,3,2
0,45,114741,96,0,0,5,0
0,82,157994,92,0,1,1,1
1,73,93786,44,3,3,1,0
1,36,75178,41,3,1,7,2
1,13,175267,81,5,1,4,1
0,96,99263,100,5,8,1,0
0,83,52590,3,5,0,4,2
1,33,170959,75,0,0,4,1
1,68,135076,60,2,1,5,1
1,88,167112,34,7,0,1,1
0,87,184639,12,1,1,6,1
0,88,172369,80,0,6,6,1
0,43,124256,67,8,1,7,0
0,64,89972,92,0,10,6,0
1,96,67799,42,3,1,6,2
0,72,176074,70,1,1,7,1
1,48,167517,27,0,2,7,1
0,64,77914,11,0,1,6,2
0,8,57605,81,1,0,2,2
0,52,86365,70,2,1,7,0
1,3,93883,39,5,1,2,0
0,44,131091,62,0,4,1,0
1,14,87222,14,5,8,4,0
0,50,117076,45,1,1,2,0
1,53,150925,1,5,1,2,1
0,31,149379,100,7,0,3,1
0,31,138644,94,2,4,3,1
1,97,148493,42,1,4,7,1
1,27,84658,66,7,4,6,0
1,2,111618,99,7,6,5,0
1,81,108759,60,0,7,6,0
1,64,186203,73,0,10,5,1
0,11,147258,59,7,10,2,1
0,78,132983,67,5,7,7,0
1,72,149092,39,2,8,1,1
1,36,163845,84,1,5,7,1
1,97,117777,67,0,5,5,0
1,88,131584,18,0,7,3,0
0,21,123904,91,0,7,5,0
0,62,89801,88,0,5,4,0
1,73,173466,57,3,10,5,1
0,34,55690,4,8,4,6,2
0,50,104467,72,0,5,1,0
1,39,100419,19,0,5,4,0
0,82,62951,47,7,8,2,2
1,39,118554,1,7,4,6,0
0,13,140673,49,0,6,7,1
0,68,75561,87,5,5,3,2
0,77,147306,50,5,6,6,1
0,35,111871,30,1,10,1,0
1,5,112884,43,5,0,6,0
0,47,121267,58,2,1,1,0
0,48,151519,93,0,7,2,1
0,34,105448,40,0,0,5,0
0,20,92048,91,5,1,1,0
1,61,99980,94,5,10,1,0
1,16,84003,68,0,9,6,0
1,2,110889,95,4,1,2,0
0,52,82478,95,4,10,1,0
1,99,139685,20,5,1,4,1
0,84,182374,62,3,0,6,1
0,58,119366,94,2,4,2,0
0,91,53788,57,1,0,2,2
0,1,90341,92,1,0,2,0
0,67,118348,94,2,1,7,0
1,56,137428,87,0,0,2,1
0,62,106982,53,3,1,7,0
0,12,98532,52,1,0,6,0
0,38,120825,24,4,9,7,0
0,51,58006,83,4,1,5,2
1,20,106941,73,0,1,1,0
1,43,129782,31,3,1,2,0
1,93,121513,90,2,0,6,0
0,54,79925,30,5,0,3,2
1,23,112089,74,5,7,7,0
0,1,138656,27,0,3,4,1
0,64,146794,90,5,8,3,1
0,55,75033,30,2,5,5,2
0,85,149969,78,4,0,6,1
0,20,124852,39,5,5,5,0
1,73,154837,42,4,8,4,1
0,53,145678,55,4,0,1,1
0,7,137354,89,0,8,7,1
0,50,136660,48,3,1,3,1
0,12,63334,99,0,0,6,2
1,37,62893,29,4,1,5,2
1,78,163514,89,1,9,2,1
1,29,145934,40,8,10,2,1
0,54,119223,58,7,10,7,0
1,89,127479,18,1,10,2,0
0,25,136146,98,0,6,6,1
0,14,76001,46,0,7,3,2
0,12,84885,24,5,6,2,0
0,18,82812,1,0,6,2,0
1,74,51260,43,3,5,5,2
1,21,159572,42,5,5,5,1
1,9,130186,88,0,9,7,0
0,49,176954,57,0,5,6,1
1,58,85908,99,0,5,4,0
0,16,75831,5,5,10,7,2
0,55,123045,56,2,7,3,0
0,31,161211,10,7,9,1,1
0,59,81702,27,8,6,4,0
0,25,173043,3,0,8,6,1
1,63,126380,90,0,6,1,0
0,60,128205,27,5,6,5,0
0,41,181355,73,0,10,3,1
0,84,97931,70,5,9,7,0
1,72,146432,25,0,6,1,1
0,97,125731,41,0,6,4,0
0,43,132701,70,5,5,2,0
0,63,116095,8,0,5,1,0
0,7,135773,42,0,9,5,1
1,54,136417,45,5,9,6,1
1,27,80783,82,0,9,3,2
1,28,182580,60,4,6,6,1
0,84,143567,48,0,7,2,1
1,71,85908,85,3,5,4,0
0,88,139806,99,3,4,4,1
0,75,77269,24,0,8,1,2
0,96,105968,65,2,4,5,0
0,83,125660,19,2,10,4,0
0,86,98444,76,3,7,4,0
1,60,179503,9,0,4,3,1
0,5,60575,14,2,5,2,2
0,65,75685,19,8,7,3,2
0,49,85374,45,0,8,5,0
0,78,128642,19,8,5,6,0
1,25,182292,78,0,7,5,1
0,5,124702,94,0,10,3,0
0,58,127833,2,0,7,7,0
0,80,178866,97,0,8,4,1
0,94,183643,51,0,5,5,1
1,62,113306,4,4,5,6,0
1,20,84008,77,0,8,4,0
1,85,85758,35,7,10,4,0
0,72,63128,45,2,8,7,2
1,95,70174,6,4,10,6,2
0,97,170133,42,2,5,5,1
0,25,165978,42,0,7,3,1
0,17,149727,78,0,7,3,1
0,19,147052,86,0,9,4,1
0,59,113389,79,1,4,6,0
1,30,111690,73,3,10,4,0
0,63,184830,60,1,9,3,1
0,23,91549,23,0,4,3,0
0,97,94629,17,8,6,3,0
0,97,167558,99,0,4,7,1
1,94,119189,57,0,9,3,0
0,28,96207,67,0,5,5,0
1,21,85339,6,1,4,7,0
0,25,111942,7,0,5,5,0
0,48,157003,45,2,5,4,1
0,53,117123,23,0,9,7,0
0,97,172747,76,0,7,2,1
1,33,157358,52,5,7,4,1
1,5,156655,20,3,4,5,1
1,72,166043,93,1,7,6,1
1,40,67768,15,1,10,6,2
1,34,171353,34,1,8,4,1
0,63,116971,76,4,7,5,0
0,85,97822,38,1,5,3,0
0,86,117203,83,5,10,3,0
0,63,88720,100,0,10,1,0
0,9,173233,18,0,5,1,1
0,76,139447,36,0,8,7,1
1,19,179269,93,3,6,3,1
0,84,136254,90,2,5,6,1
1,38,174594,56,4,8,2,1
0,1,100429,19,3,9,1,0
0,30,73107,48,0,9,1,2
0,86,98344,25,0,6,6,0
1,21,163509,21,5,10,1,1
1,15,116204,16,2,8,2,0
0,87,95853,53,5,9,1,0
1,40,156411,70,0,6,5,1
1,2,72889,36,6,5,7,2
0,63,106691,79,5,9,3,0
1,26,144832,42,0,5,3,1
1,29,132297,53,3,8,1,0
0,7,170345,3,4,9,5,1
1,28,157383,13,7,8,2,1
0,99,150782,18,4,8,2,1
1,69,143987,87,5,10,5,1
0,13,129659,59,3,6,7,0
1,73,104826,36,5,5,1,0
0,4,181471,59,5,10,4,1
0,42,152547,56,0,7,4,1
1,43,85347,9,1,1,1,0
0,79,122828,32,4,0,5,0
1,18,107794,17,2,0,5,0
1,39,152566,11,3,1,7,1
0,41,91715,99,3,0,3,0
0,60,99222,48,0,1,6,0
0,39,70280,99,2,0,4,2
0,90,70030,86,5,1,2,2
0,83,102083,24,0,1,1,0
0,92,166163,87,2,8,5,1
0,6,182871,27,2,8,6,1
1,50,187545,61,4,4,6,1
1,90,182910,86,3,0,1,1
0,13,174530,30,7,1,6,1
0,27,115438,37,0,0,6,0
0,93,93964,80,0,4,2,0
0,61,180341,75,5,1,3,1
0,91,107323,1,2,7,7,0
0,79,119435,55,3,0,7,0
0,80,68341,22,0,13,6,2
0,16,95365,60,0,0,5,0
1,4,131093,79,7,1,7,0
0,34,100621,3,5,1,1,0
1,10,116521,47,1,0,2,0
0,3,136316,88,4,0,3,1
1,96,172039,51,7,0,6,1
0,48,70844,22,3,0,3,2
1,25,100964,96,8,1,6,0
0,98,128037,39,3,6,2,0
1,84,97081,75,8,1,3,0
1,88,92247,47,8,0,6,0
1,86,129914,92,0,1,3,0
0,0,94014,53,2,9,5,0
0,56,138864,93,0,0,5,1
1,6,169299,46,8,1,5,1
1,2,119097,40,5,0,7,0
0,73,68161,23,1,1,2,2
0,38,181108,32,6,1,1,1
1,37,87764,59,2,9,7,0
0,41,102543,54,0,7,3,0
1,94,139417,13,0,1,3,1
0,57,81802,29,6,9,1,0
0,96,102788,51,0,0,1,0
0,59,163179,19,5,1,7,1
1,87,71318,22,5,1,3,2
1,55,63683,34,5,3,1,2
0,16,189689,37,5,8,5,1
1,82,121610,36,0,0,5,0
0,83,150682,25,0,1,1,1
0,96,124550,46,8,0,3,0
1,55,148875,99,0,0,4,1
1,6,107117,44,0,1,3,0
1,33,109223,43,2,1,5,0
0,0,120899,7,8,2,6,0
0,27,101948,31,0,0,5,0
1,72,143169,58,2,0,4,1
0,13,167619,4,5,7,6,1
0,19,181795,59,5,3,5,1
0,48,186445,41,2,0,1,1
0,58,102205,24,0,1,1,0
0,21,52326,69,5,0,2,2
1,91,82992,5,3,1,5,0
1,44,145520,55,6,1,7,1
0,80,104820,96,0,2,4,0
0,28,69025,79,3,0,2,2
1,74,164976,89,3,0,4,1
0,79,178576,51,4,5,5,1
0,42,72415,52,8,0,5,2
1,80,112146,24,3,0,3,0
1,8,144830,43,0,0,1,1
0,24,51661,79,3,0,7,2
0,71,152910,90,0,1,6,1
1,1,114556,64,3,0,7,0
1,0,143455,62,5,1,6,1
1,30,173096,92,5,0,3,1
0,52,121172,97,5,5,4,0
0,34,56492,15,6,8,1,2
1,64,156422,39,3,1,7,1
1,17,131863,94,0,1,7,0
1,71,118096,36,7,0,3,0
1,87,149685,30,4,9,6,1
0,68,89765,28,0,0,7,0
0,14,177701,49,3,0,6,1
1,24,64738,67,0,0,6,2
0,10,92734,28,7,1,4,0
0,53,146877,47,5,4,3,1
0,39,62935,60,0,0,7,2
0,16,67178,17,3,8,3,2
0,64,115754,35,2,1,3,0
0,41,186470,21,0,0,7,1
1,16,100939,34,5,7,6,0
0,94,86172,55,0,4,4,0
0,40,184222,17,5,0,2,1
1,81,71543,1,3,1,4,2
0,18,174836,63,5,0,4,1
0,78,130706,72,0,3,6,0
1,8,74407,100,1,0,6,2
1,64,130055,46,5,2,1,0
1,45,88707,81,5,0,5,0
1,99,162762,52,5,1,1,1
1,59,154821,77,1,0,2,1
1,53,57248,66,7,5,5,2
0,66,99902,54,2,10,2,0
0,1,165711,50,0,1,2,1
1,73,97455,55,0,6,4,0
0,34,93866,43,3,9,2,0
0,1,141307,17,5,1,3,1
1,73,172011,9,1,1,5,1
1,90,68138,18,5,2,7,2
0,32,123246,100,6,8,6,0
0,47,124194,32,1,1,7,0
1,15,188696,87,6,8,3,1
0,78,91213,84,7,3,5,0
0,83,166650,99,5,1,3,1
1,2,52727,60,0,1,3,2
1,75,126469,86,3,1,2,0
1,45,138775,17,4,0,7,1
0,49,68901,70,1,7,7,2
0,41,118621,7,6,0,7,0
1,34,109263,77,3,0,1,0
1,82,150012,83,5,3,6,1
1,37,133850,85,8,9,3,1
0,25,81640,95,3,1,6,0
0,52,133214,1,8,9,7,0
0,23,186723,42,3,8,5,1
0,96,92100,23,0,9,3,0
1,5,64484,10,6,0,5,2
0,47,69024,3,5,4,5,2
1,81,171194,55,0,0,5,1
0,4,183282,34,0,1,1,1
0,8,100099,74,5,1,3,0
0,35,164435,26,7,1,3,1
1,67,172407,60,1,9,3,1
0,9,84781,14,4,1,3,0
1,82,186130,61,7,3,7,1
0,2,56782,10,0,9,5,2
1,95,137206,4,0,0,4,1
0,9,146950,92,1,6,5,1
0,99,174275,4,5,0,2,1
1,96,97705,41,6,8,2,0
1,92,188984,69,7,1,4,1
1,24,119238,55,0,1,3,0
1,58,87923,19,3,0,5,0
1,15,128573,97,4,1,1,0
0,13,132374,96,8,0,3,0
0,51,135164,75,0,9,3,1
1,9,165194,10,0,8,3,1
1,0,126060,92,1,1,3,0
1,67,89366,55,5,9,3,0
1,58,95172,77,5,1,5,0
0,55,95975,49,4,0,1,0
0,52,165573,59,5,0,7,1
1,83,180887,59,3,1,1,1
0,83,142720,86,4,0,1,1
0,90,113460,54,7,1,7,0
1,87,110434,20,0,7,3,0
0,67,146016,38,0,1,6,1
1,81,101073,67,4,0,7,0
0,36,62617,10,0,9,3,2
0,51,96028,37,0,0,5,0
0,31,186334,37,0,0,1,1
0,57,163473,52,0,0,1,1
1,83,89819,59,0,4,2,0
0,51,69388,33,2,3,4,2
0,15,134748,76,8,1,6,1
0,18,149915,94,1,14,1,1
0,88,104098,48,5,1,6,0
1,70,80160,10,0,8,5,2
1,9,124125,91,0,1,2,0
1,6,170226,31,7,0,3,1
0,8,53306,98,2,0,2,2
1,55,103933,31,4,6,3,0
0,69,85401,10,3,4,6,0
0,18,53812,32,6,9,5,2
0,13,60771,50,3,1,7,2
0,69,56398,75,3,8,3,2
0,69,171118,91,2,9,3,1
1,69,79806,73,5,0,5,2
0,89,150187,35,5,0,5,1
0,45,129455,14,7,0,3,0
0,75,116813,72,3,10,6,0
0,54,95734,39,6,8,7,0
1,33,76654,48,0,4,1,2
1,67,86289,96,0,1,5,0
1,26,176147,19,5,0,1,1
0,5,142351,97,3,0,7,1
1,65,186673,51,1,1,1,1
0,94,131521,62,0,0,6,0
0,95,50223,15,3,8,1,2
0,48,74308,23,3,1,2,2
0,41,155881,22,7,0,7,1
0,92,168303,16,4,9,4,1
1,44,182748,58,2,1,7,1
0,35,52374,73,0,1,1,2
0,34,86154,17,1,1,2,0
0,52,163612,51,4,0,5,1
0,64,64756,17,8,10,1,2
1,62,185257,58,0,1,4,1
1,58,78669,75,0,1,7,2
1,15,164520,47,0,1,7,1
0,65,92135,49,6,6,4,0
1,20,103195,68,1,0,7,0
0,21,161663,36,4,1,7,1
0,79,57039,34,0,2,6,2
0,91,54754,4,0,0,2,2
0,92,136531,76,2,1,4,1
1,62,120838,79,0,1,4,0
1,94,127927,48,1,0,4,0
1,10,164214,77,7,0,4,1
0,53,145498,66,0,8,4,1
1,7,129215,69,3,9,6,0
0,92,152429,76,3,0,2,1
0,12,89252,31,3,0,5,0
0,31,147447,23,1,6,7,1
0,93,74467,33,7,5,1,2
0,66,127410,37,2,8,2,0
1,49,91290,44,5,7,7,0
0,64,92812,97,0,5,7,0
0,27,170166,18,0,10,4,1
0,33,150823,75,0,4,1,1
1,79,95839,30,4,7,2,0
0,14,60175,60,4,9,7,2
0,22,153024,91,0,10,7,1
0,8,116858,67,0,5,7,0
0,6,122961,47,1,8,2,0
1,81,141471,45,0,8,6,1
1,69,76155,14,5,8,7,2
1,0,108169,24,4,10,3,0
0,61,139520,39,0,8,4,1
1,62,182631,52,0,5,3,1
0,95,177134,78,5,10,2,1
0,32,181703,54,7,6,2,1
0,13,61917,16,0,7,2,2
0,1,140648,36,4,9,7,1
0,63,176783,40,1,9,4,1
1,75,59741,67,0,10,5,2
0,43,156567,89,2,7,6,1
0,29,110309,21,0,6,2,0
0,82,111077,55,0,9,7,0
0,87,170333,96,3,4,2,1
1,66,183339,39,0,7,4,1
0,99,84167,46,0,10,7,0
0,54,184815,50,7,6,3,1
0,49,122556,74,0,9,7,0
0,60,174768,66,3,9,2,1
1,75,172309,82,4,4,1,1
1,77,117920,4,1,10,4,0
1,34,134882,61,0,10,3,1
0,63,77259,11,7,6,6,2
1,38,170019,38,0,7,2,1
0,68,176884,94,2,10,2,1
0,80,106709,93,8,10,2,0
0,8,168723,31,6,7,2,1
0,86,90228,68,2,7,5,0
0,1,89473,85,7,10,4,0
1,56,131911,42,5,7,7,0
0,14,140107,63,8,6,6,1
0,4,170403,44,0,4,5,1
0,58,51416,46,0,7,5,2
0,6,52648,2,0,5,2,2
1,17,125471,48,2,7,1,0
0,55,106153,62,0,10,1,0
1,14,124785,28,7,7,2,0
0,22,101474,14,6,10,2,0
0,8,141359,65,5,4,5,1
0,70,57596,96,0,4,1,2
0,67,78489,81,0,7,5,2
1,50,112957,71,4,5,3,0
1,72,82377,37,2,9,2,0
1,76,82315,53,2,6,1,0
1,80,93253,51,0,4,5,0
1,20,189650,60,7,8,4,1
0,89,114858,53,0,10,1,0
0,18,62151,18,0,8,2,2
0,75,135159,12,2,7,6,1
0,5,126263,55,8,6,3,0
0,79,123064,41,0,10,4,0
0,31,181773,40,5,8,1,1
1,92,171794,65,0,6,5,1
0,15,156339,27,6,6,2,1
1,94,65483,84,8,10,7,2
0,35,145654,22,4,6,3,1
0,68,91609,43,3,8,1,0
0,29,53002,73,7,5,5,2
1,87,115699,61,5,9,1,0
1,33,149609,44,4,9,2,1
0,29,165254,7,4,9,7,1
1,43,50418,49,5,5,1,2
1,43,103531,90,0,10,5,0
0,66,184060,98,0,10,5,1
1,23,75961,70,4,5,7,2
1,87,174163,28,0,4,2,1
0,81,105255,54,4,8,3,0
1,42,51860,4,7,4,5,2
0,32,185218,83,5,4,6,1
1,7,189709,18,0,6,6,1
0,91,134665,66,0,7,2,1
1,95,91352,9,1,7,3,0
0,10,154623,21,0,6,6,1
0,20,113767,88,0,6,2,0
1,5,160469,61,7,8,1,1
0,84,99418,27,0,4,2,0
1,54,56215,34,5,10,4,2
1,12,55639,63,5,8,1,2
0,90,62504,99,0,10,4,2
0,19,151382,38,7,1,1,1
0,91,156574,96,8,0,7,1
0,90,60998,35,3,1,7,2
0,60,108509,36,1,0,2,0
0,68,85540,49,6,9,1,0
0,43,73915,47,0,11,2,2
1,52,148901,77,5,4,4,1
1,81,152602,91,3,0,1,1
0,54,58999,22,3,7,3,2
0,43,133740,37,0,5,4,0
0,20,113217,41,7,9,1,0
0,71,60209,46,0,1,3,2
0,26,145491,72,3,9,5,1
0,75,61393,65,1,7,5,2
0,52,133252,55,0,1,1,0
0,40,187234,14,1,0,5,1
1,5,145563,60,3,9,6,1
0,46,165810,38,5,3,5,1
1,98,125181,30,0,0,7,0
0,84,56809,96,5,1,2,2
1,35,69419,68,5,9,1,2
0,78,70689,54,0,1,4,2
1,64,55011,53,0,1,7,2
0,98,87955,79,2,0,2,0
1,66,153660,24,5,0,5,1
1,32,104494,28,5,6,4,0
1,22,184443,44,4,3,7,1
0,17,150778,35,3,1,7,1
0,22,88729,81,2,1,1,0
1,9,151902,18,0,0,2,1
1,24,51604,4,0,0,2,2
0,8,157316,75,0,9,3,1
0,52,125508,15,0,1,6,0
1,62,186157,54,5,1,1,1
0,37,169381,45,3,0,4,1
1,68,110195,47,6,9,2,0
0,63,81199,80,3,1,2,0
0,15,58459,67,4,0,6,2
0,44,173682,89,0,12,6,1
1,18,162983,16,3,0,6,1
1,30,94480,1,4,0,4,0
0,69,168710,80,1,1,4,1
1,16,150193,83,2,2,2,1
0,71,91823,74,0,1,4,0
0,24,173091,24,3,6,2,1
1,57,102692,94,5,0,2,0
1,97,156812,77,5,0,6,1
1,68,51468,48,0,0,3,2
0,11,114071,37,5,0,2,0
0,63,155638,81,0,1,4,1
1,68,129971,61,0,8,3,0
0,69,104160,77,2,4,4,0
0,77,124995,66,5,0,1,0
0,73,180437,50,3,1,5,1
0,19,134644,96,4,1,2,1
0,1,130089,67,0,0,5,0
1,71,149318,27,0,4,1,1
1,6,125591,79,5,8,6,0
0,68,173047,17,5,0,3,1
0,39,61298,91,0,0,5,2
1,75,132993,55,3,8,2,0
0,65,72313,36,7,1,5,2
0,30,84885,9,3,6,5,0
1,46,126228,95,8,8,2,0
1,40,51199,29,4,7,7,2
0,40,54631,70,0,0,6,2
0,20,131810,16,5,5,7,0
1,88,138482,59,8,8,4,1
1,85,74081,87,5,4,3,2
1,94,112426,54,2,9,6,0
0,52,164038,53,0,5,4,1
0,68,53552,97,8,7,6,2
1,15,142147,78,0,8,4,1
1,4,180324,41,0,9,2,1
1,59,149067,78,1,9,7,1
1,32,184408,38,3,6,7,1
0,8,59116,45,0,10,6,2
0,92,174786,94,4,4,3,1
1,9,71076,2,0,8,1,2
0,41,56837,4,5,8,4,2
0,18,134752,47,2,6,5,1
0,78,112887,80,3,9,6,0
0,0,73128,74,0,7,5,2
0,11,152765,17,5,8,1,1
0,36,140637,19,4,8,7,1
1,46,137973,50,5,7,7,1
0,95,126791,34,0,6,4,0
0,97,75125,89,4,8,3,2
1,2,101718,11,4,8,3,0
0,94,69654,30,6,4,4,2
0,0,105935,46,1,4,5,0
1,3,74607,69,5,6,1,2
1,77,151985,29,5,4,7,1
1,70,76892,64,4,5,2,2
1,58,87602,25,4,5,3,0
1,72,182317,46,5,8,6,1
1,90,158280,92,4,6,7,1
0,23,59905,79,0,7,5,2
0,87,128153,42,0,7,6,0
1,64,142612,58,1,4,6,1
0,15,180163,9,1,10,7,1
0,14,68009,17,0,9,3,2
1,54,166183,65,0,7,6,1
1,76,132537,44,1,5,3,0
0,76,146308,49,0,5,1,1
0,52,63454,38,0,5,5,2
1,96,110519,6,0,9,4,0
0,55,66728,50,5,10,5,2
0,54,170638,64,0,4,5,1
1,19,129635,100,0,6,4,0
1,29,133587,74,8,5,3,0
1,96,126225,47,2,7,4,0
0,20,148776,21,0,8,5,1
0,91,142602,64,7,7,6,1
1,37,102413,38,5,5,5,0
1,42,68765,69,3,4,1,2
1,1,57522,75,0,10,5,2
0,58,149237,80,3,8,6,1
0,42,184844,24,3,6,1,1
0,48,131656,45,7,9,6,0
0,11,181026,39,8,6,2,1
1,59,101698,87,0,9,3,0
0,45,152560,32,3,9,2,1
1,73,142502,97,1,5,1,1
0,85,155432,21,2,4,6,1
0,70,108544,49,3,4,5,0
0,52,106530,46,2,7,2,0
1,70,124359,51,6,7,7,0
0,88,146970,90,0,7,6,1
1,61,182176,96,0,9,5,1
0,46,114435,34,0,8,3,0
1,65,134213,32,6,8,4,1
0,84,115580,73,3,8,5,0
0,76,124034,88,4,10,2,0
1,31,67894,42,1,9,1,2
1,55,107099,89,4,4,6,0
1,45,140263,88,3,10,5,1
1,98,104249,12,2,5,2,0
1,40,168821,36,4,4,5,1
0,14,153145,59,5,8,6,1
0,41,128960,43,4,9,4,0
1,60,127438,82,2,7,2,0
1,60,125968,100,7,8,2,0
1,84,104589,85,0,10,2,0
1,0,165321,93,1,8,1,1
0,10,86925,76,0,7,2,0
0,62,149797,19,0,5,6,1
1,33,137094,68,7,4,1,1
0,52,55395,41,8,10,1,2
0,2,153622,51,7,6,6,1
1,27,74050,44,3,8,1,2
0,4,68094,61,1,4,7,2
1,63,59244,80,0,7,1,2
0,54,118944,77,0,4,4,0
0,47,75293,55,1,6,7,2
0,30,166983,69,0,7,3,1
0,97,129444,96,3,5,6,0
1,94,181183,24,8,9,3,1
0,64,175254,100,0,9,5,1
0,19,54121,89,2,6,3,2
0,71,184387,40,0,8,7,1
0,91,73158,32,1,7,7,2
1,87,90961,14,5,9,2,0
1,77,182109,4,4,7,2,1
1,90,110610,52,3,5,2,0
